{"directed": false, "multigraph": false, "graph": [], "nodes": [{"boundary_node": true, "boundary_perim": 118763.4400898976, "area": 159113376.67816168, "STATEFP10": "11", "COUNTYFP10": "001", "COUSUBFP10": "50000", "COUSUBNS10": "02390665", "GEOID10": "1100150000", "NAME10": "Washington", "NAMELSAD10": "Washington city", "LSAD10": "25", "CLASSFP10": "C5", "MTFCC10": "G4040", "CNECTAFP10": null, "NECTAFP10": null, "NCTADVFP10": null, "FUNCSTAT10": "F", "ALAND10": 158114680, "AWATER10": 18884970, "INTPTLAT10": "+38.9041485", "INTPTLON10": "-077.0170942", "GISJOIN": "G110001050000", "Shape_area": 159113376.678, "Shape_len": 118763.44009, "YEAR": 2010, "REGIONA": 3, "DIVISIONA": 5, "STATE": "District Of Columbia", "STATEA": 11, "COUNTY": "District Of Columbia", "COUNTYA": 1, "COUSUB": "Washington city", "COUSUBA": 50000, "NAME": "Washington city", "URBPOP": 601723, "RURPOP": 0, "TOTPOP": 601723, "NH_WHITE": 209464, "NH_BLACK": 301053, "NH_AMIN": 1322, "NH_ASIAN": 20818, "NH_NHPI": 216, "NH_OTHER": 1451, "NH_2MORE": 12650, "HISP": 54749, "H_WHITE": 22007, "H_BLACK": 4072, "H_AMIN": 757, "H_ASIAN": 238, "H_NHPI": 86, "H_OTHER": 22923, "H_2MORE": 4666, "VA": 500908, "HVAP": 42708, "WVAP": 191933, "BVAP": 235249, "AMINVAP": 1143, "ASIANVAP": 19221, "NHPIVAP": 195, "OTHERVAP": 1019, "2MOREVAP": 9440, "id": 0}], "adjacency": [[]]}