{"directed": false, "multigraph": false, "graph": [], "nodes": [{"boundary_node": true, "boundary_perim": 86432.82682527977, "area": 450627479.24066216, "STATEFP10": "44", "COUNTYFP10": "003", "COUNTYNS10": "01219778", "GEOID10": "44003", "NAME10": "Kent", "NAMELSAD10": "Kent County", "LSAD10": "06", "CLASSFP10": "H4", "MTFCC10": "G4020", "CSAFP10": "148", "CBSAFP10": "39300", "METDIVFP10": null, "FUNCSTAT10": "N", "ALAND10": 436484769, "AWATER10": 50750734, "INTPTLAT10": "+41.6777498", "INTPTLON10": "-071.5763135", "GISJOIN": "G4400030", "Shape_area": 450627479.241, "Shape_len": 158510.745735, "YEAR": 2010, "REGIONA": 1, "DIVISIONA": 1, "STATE": "Rhode Island", "STATEA": 44, "COUNTY": "Kent County", "COUNTYA": 3, "NAME": "Kent County", "URBPOP": 152888, "RURALPOP": 13270, "TOTPOP": 166158, "NH_WHITE": 152141, "NH_BLACK": 2157, "NH_AMIN": 355, "NH_ASIAN": 3346, "NH_NHPI": 29, "NH_OTHER": 277, "NH_2MORE": 2544, "HISP": 5309, "H_WHITE": 3078, "H_BLACK": 248, "H_AMIN": 82, "H_ASIAN": 32, "H_NHPI": 10, "H_OTHER": 1333, "H_2MORE": 526, "VAP": 131904, "HVAP": 3193, "WVAP": 122790, "BVAP": 1635, "AMINVAP": 277, "ASIANVAP": 2494, "NHPIVAP": 24, "OTHERVAP": 197, "2MOREVAP": 1294, "id": 0}, {"boundary_node": true, "boundary_perim": 198732.16672712096, "area": 907837519.5127566, "STATEFP10": "44", "COUNTYFP10": "009", "COUNTYNS10": "01219782", "GEOID10": "44009", "NAME10": "Washington", "NAMELSAD10": "Washington County", "LSAD10": "06", "CLASSFP10": "H4", "MTFCC10": "G4020", "CSAFP10": "148", "CBSAFP10": "39300", "METDIVFP10": null, "FUNCSTAT10": "N", "ALAND10": 852713750, "AWATER10": 604836952, "INTPTLAT10": "+41.4011616", "INTPTLON10": "-071.6176118", "GISJOIN": "G4400090", "Shape_area": 907837519.513, "Shape_len": 232748.581341, "YEAR": 2010, "REGIONA": 1, "DIVISIONA": 1, "STATE": "Rhode Island", "STATEA": 44, "COUNTY": "Washington County", "COUNTYA": 9, "NAME": "Washington County", "URBPOP": 87840, "RURALPOP": 39139, "TOTPOP": 126979, "NH_WHITE": 117330, "NH_BLACK": 1347, "NH_AMIN": 1007, "NH_ASIAN": 2054, "NH_NHPI": 23, "NH_OTHER": 189, "NH_2MORE": 2003, "HISP": 3026, "H_WHITE": 1806, "H_BLACK": 135, "H_AMIN": 96, "H_ASIAN": 15, "H_NHPI": 6, "H_OTHER": 657, "H_2MORE": 311, "VAP": 101488, "HVAP": 1988, "WVAP": 94864, "BVAP": 1059, "AMINVAP": 732, "ASIANVAP": 1654, "NHPIVAP": 18, "OTHERVAP": 139, "2MOREVAP": 1034, "id": 1}, {"boundary_node": true, "boundary_perim": 107735.74557975587, "area": 65855045.00947927, "STATEFP10": "44", "COUNTYFP10": "001", "COUNTYNS10": "01219777", "GEOID10": "44001", "NAME10": "Bristol", "NAMELSAD10": "Bristol County", "LSAD10": "06", "CLASSFP10": "H4", "MTFCC10": "G4020", "CSAFP10": "148", "CBSAFP10": "39300", "METDIVFP10": null, "FUNCSTAT10": "N", "ALAND10": 62584939, "AWATER10": 53316445, "INTPTLAT10": "+41.7052705", "INTPTLON10": "-071.2850530", "GISJOIN": "G4400010", "Shape_area": 65855045.0095, "Shape_len": 111511.868277, "YEAR": 2010, "REGIONA": 1, "DIVISIONA": 1, "STATE": "Rhode Island", "STATEA": 44, "COUNTY": "Bristol County", "COUNTYA": 1, "NAME": "Bristol County", "URBPOP": 49305, "RURALPOP": 570, "TOTPOP": 49875, "NH_WHITE": 47052, "NH_BLACK": 363, "NH_AMIN": 71, "NH_ASIAN": 704, "NH_NHPI": 3, "NH_OTHER": 51, "NH_2MORE": 642, "HISP": 989, "H_WHITE": 700, "H_BLACK": 35, "H_AMIN": 9, "H_ASIAN": 12, "H_NHPI": 0, "H_OTHER": 134, "H_2MORE": 99, "VAP": 39715, "HVAP": 630, "WVAP": 37922, "BVAP": 260, "AMINVAP": 49, "ASIANVAP": 490, "NHPIVAP": 3, "OTHERVAP": 31, "2MOREVAP": 330, "id": 2}, {"boundary_node": true, "boundary_perim": 296937.5455152549, "area": 279307724.6226438, "STATEFP10": "44", "COUNTYFP10": "005", "COUNTYNS10": "01219779", "GEOID10": "44005", "NAME10": "Newport", "NAMELSAD10": "Newport County", "LSAD10": "06", "CLASSFP10": "H4", "MTFCC10": "G4020", "CSAFP10": "148", "CBSAFP10": "39300", "METDIVFP10": null, "FUNCSTAT10": "N", "ALAND10": 265178425, "AWATER10": 547026490, "INTPTLAT10": "+41.5027319", "INTPTLON10": "-071.2840630", "GISJOIN": "G4400050", "Shape_area": 279307724.623, "Shape_len": 296937.545515, "YEAR": 2010, "REGIONA": 1, "DIVISIONA": 1, "STATE": "Rhode Island", "STATEA": 44, "COUNTY": "Newport County", "COUNTYA": 5, "NAME": "Newport County", "URBPOP": 72865, "RURALPOP": 10023, "TOTPOP": 82888, "NH_WHITE": 72836, "NH_BLACK": 2645, "NH_AMIN": 260, "NH_ASIAN": 1263, "NH_NHPI": 45, "NH_OTHER": 274, "NH_2MORE": 2053, "HISP": 3512, "H_WHITE": 1893, "H_BLACK": 219, "H_AMIN": 55, "H_ASIAN": 25, "H_NHPI": 18, "H_OTHER": 876, "H_2MORE": 426, "VAP": 66462, "HVAP": 2219, "WVAP": 59821, "BVAP": 2053, "AMINVAP": 197, "ASIANVAP": 994, "NHPIVAP": 35, "OTHERVAP": 195, "2MOREVAP": 948, "id": 3}, {"boundary_node": true, "boundary_perim": 152120.06404094104, "area": 1113841440.975328, "STATEFP10": "44", "COUNTYFP10": "007", "COUNTYNS10": "01219781", "GEOID10": "44007", "NAME10": "Providence", "NAMELSAD10": "Providence County", "LSAD10": "06", "CLASSFP10": "H4", "MTFCC10": "G4020", "CSAFP10": "148", "CBSAFP10": "39300", "METDIVFP10": null, "FUNCSTAT10": "N", "ALAND10": 1060604571, "AWATER10": 67737918, "INTPTLAT10": "+41.8704877", "INTPTLON10": "-071.5782416", "GISJOIN": "G4400070", "Shape_area": 1113841440.98, "Shape_len": 193957.691033, "YEAR": 2010, "REGIONA": 1, "DIVISIONA": 1, "STATE": "Rhode Island", "STATEA": 44, "COUNTY": "Providence County", "COUNTYA": 7, "NAME": "Providence County", "URBPOP": 592145, "RURALPOP": 34522, "TOTPOP": 626667, "NH_WHITE": 414326, "NH_BLACK": 45048, "NH_AMIN": 2327, "NH_ASIAN": 22621, "NH_NHPI": 205, "NH_OTHER": 8084, "NH_2MORE": 16237, "HISP": 117819, "H_WHITE": 45707, "H_BLACK": 7992, "H_AMIN": 1796, "H_ASIAN": 385, "H_NHPI": 215, "H_OTHER": 51778, "H_2MORE": 9946, "VAP": 489042, "HVAP": 76685, "WVAP": 345426, "BVAP": 32218, "AMINVAP": 1678, "ASIANVAP": 17625, "NHPIVAP": 160, "OTHERVAP": 5839, "2MOREVAP": 9411, "id": 4}], "adjacency": [[{"shared_perim": 34016.414614197514, "id": 1}, {"shared_perim": 38061.50429512242, "id": 4}], [{"shared_perim": 34016.414614197514, "id": 0}], [{"shared_perim": 3776.1226969928207, "id": 4}], [], [{"shared_perim": 38061.50429512242, "id": 0}, {"shared_perim": 3776.1226969928207, "id": 2}]]}