{"directed": false, "multigraph": false, "graph": [], "nodes": [{"boundary_node": true, "boundary_perim": 386851.00303633197, "area": 1792950722.671602, "STATEFP10": "25", "COUNTYFP10": "023", "COUNTYNS10": "00606938", "GEOID10": "25023", "NAME10": "Plymouth", "NAMELSAD10": "Plymouth County", "LSAD10": "06", "CLASSFP10": "H1", "MTFCC10": "G4020", "CSAFP10": "148", "CBSAFP10": "14460", "METDIVFP10": "14484", "FUNCSTAT10": "A", "ALAND10": 1706996627, "AWATER10": 1124514393, "INTPTLAT10": "+41.9871959", "INTPTLON10": "-070.7419417", "GISJOIN": "G2500230", "Shape_area": 1792950722.67, "Shape_len": 511325.7339, "YEAR": 2010, "REGIONA": 1, "DIVISIONA": 1, "STATE": "Massachusetts", "STATEA": 25, "COUNTY": "Plymouth County", "COUNTYA": 23, "NAME": "Plymouth County", "URBPOP": 443904, "RURALPOP": 51015, "TOTPOP": 494919, "NH_WHITE": 415341, "NH_BLACK": 33991, "NH_AMIN": 1024, "NH_ASIAN": 5928, "NH_NHPI": 118, "NH_OTHER": 11647, "NH_2MORE": 11251, "HISP": 15619, "H_WHITE": 7792, "H_BLACK": 1617, "H_AMIN": 189, "H_ASIAN": 46, "H_NHPI": 18, "H_OTHER": 4417, "H_2MORE": 1540, "VAP": 375444, "HVAP": 9997, "WVAP": 321882, "BVAP": 23721, "AMINVAP": 765, "ASIANVAP": 4369, "NHPIVAP": 90, "OTHERVAP": 8289, "2MOREVAP": 6331, "id": 0}, {"boundary_node": true, "boundary_perim": 136801.40412938184, "area": 2451237737.783046, "STATEFP10": "25", "COUNTYFP10": "003", "COUNTYNS10": "00606928", "GEOID10": "25003", "NAME10": "Berkshire", "NAMELSAD10": "Berkshire County", "LSAD10": "06", "CLASSFP10": "H4", "MTFCC10": "G4020", "CSAFP10": null, "CBSAFP10": "38340", "METDIVFP10": null, "FUNCSTAT10": "N", "ALAND10": 2147483647, "AWATER10": 50772406, "INTPTLAT10": "+42.3753141", "INTPTLON10": "-073.2139479", "GISJOIN": "G2500030", "Shape_area": 2451237737.78, "Shape_len": 247737.418248, "YEAR": 2010, "REGIONA": 1, "DIVISIONA": 1, "STATE": "Massachusetts", "STATEA": 25, "COUNTY": "Berkshire County", "COUNTYA": 3, "NAME": "Berkshire County", "URBPOP": 89762, "RURALPOP": 41457, "TOTPOP": 131219, "NH_WHITE": 118926, "NH_BLACK": 3334, "NH_AMIN": 197, "NH_ASIAN": 1602, "NH_NHPI": 23, "NH_OTHER": 239, "NH_2MORE": 2368, "HISP": 4530, "H_WHITE": 2458, "H_BLACK": 238, "H_AMIN": 54, "H_ASIAN": 9, "H_NHPI": 7, "H_OTHER": 1318, "H_2MORE": 446, "VAP": 105595, "HVAP": 2974, "WVAP": 97492, "BVAP": 2336, "AMINVAP": 163, "ASIANVAP": 1281, "NHPIVAP": 20, "OTHERVAP": 143, "2MOREVAP": 1186, "id": 1}, {"boundary_node": true, "boundary_perim": 786753.7814334047, "area": 1082449054.2262065, "STATEFP10": "25", "COUNTYFP10": "001", "COUNTYNS10": "00606927", "GEOID10": "25001", "NAME10": "Barnstable", "NAMELSAD10": "Barnstable County", "LSAD10": "06", "CLASSFP10": "H1", "MTFCC10": "G4020", "CSAFP10": null, "CBSAFP10": "12700", "METDIVFP10": null, "FUNCSTAT10": "A", "ALAND10": 1019738402, "AWATER10": 2147483647, "INTPTLAT10": "+41.7988188", "INTPTLON10": "-070.2110827", "GISJOIN": "G2500010", "Shape_area": 1082449054.23, "Shape_len": 796977.834887, "YEAR": 2010, "REGIONA": 1, "DIVISIONA": 1, "STATE": "Massachusetts", "STATEA": 25, "COUNTY": "Barnstable County", "COUNTYA": 1, "NAME": "Barnstable County", "URBPOP": 199733, "RURALPOP": 16155, "TOTPOP": 215888, "NH_WHITE": 197327, "NH_BLACK": 3857, "NH_AMIN": 1184, "NH_ASIAN": 2263, "NH_NHPI": 65, "NH_OTHER": 2284, "NH_2MORE": 4221, "HISP": 4687, "H_WHITE": 2867, "H_BLACK": 205, "H_AMIN": 140, "H_ASIAN": 24, "H_NHPI": 20, "H_OTHER": 951, "H_2MORE": 480, "VAP": 178639, "HVAP": 3107, "WVAP": 165873, "BVAP": 2911, "AMINVAP": 895, "ASIANVAP": 1612, "NHPIVAP": 55, "OTHERVAP": 1836, "2MOREVAP": 2350, "id": 2}, {"boundary_node": true, "boundary_perim": 111642.79658730206, "area": 1059869042.1674477, "STATEFP10": "25", "COUNTYFP10": "021", "COUNTYNS10": "00606937", "GEOID10": "25021", "NAME10": "Norfolk", "NAMELSAD10": "Norfolk County", "LSAD10": "06", "CLASSFP10": "H1", "MTFCC10": "G4020", "CSAFP10": "148", "CBSAFP10": "14460", "METDIVFP10": "14484", "FUNCSTAT10": "A", "ALAND10": 1025908386, "AWATER10": 124944841, "INTPTLAT10": "+42.1697025", "INTPTLON10": "-071.1798747", "GISJOIN": "G2500210", "Shape_area": 1059869042.17, "Shape_len": 288985.249653, "YEAR": 2010, "REGIONA": 1, "DIVISIONA": 1, "STATE": "Massachusetts", "STATEA": 25, "COUNTY": "Norfolk County", "COUNTYA": 21, "NAME": "Norfolk County", "URBPOP": 662529, "RURALPOP": 8321, "TOTPOP": 670850, "NH_WHITE": 538758, "NH_BLACK": 36329, "NH_AMIN": 811, "NH_ASIAN": 57625, "NH_NHPI": 107, "NH_OTHER": 4117, "NH_2MORE": 11099, "HISP": 22004, "H_WHITE": 13089, "H_BLACK": 1819, "H_AMIN": 280, "H_ASIAN": 178, "H_NHPI": 22, "H_OTHER": 4809, "H_2MORE": 1807, "VAP": 518718, "HVAP": 15095, "WVAP": 423677, "BVAP": 26698, "AMINVAP": 574, "ASIANVAP": 43955, "NHPIVAP": 89, "OTHERVAP": 2993, "2MOREVAP": 5637, "id": 3}, {"boundary_node": true, "boundary_perim": 431754.3776945622, "area": 1482825666.5653431, "STATEFP10": "25", "COUNTYFP10": "005", "COUNTYNS10": "00606929", "GEOID10": "25005", "NAME10": "Bristol", "NAMELSAD10": "Bristol County", "LSAD10": "06", "CLASSFP10": "H1", "MTFCC10": "G4020", "CSAFP10": "148", "CBSAFP10": "39300", "METDIVFP10": null, "FUNCSTAT10": "A", "ALAND10": 1432510950, "AWATER10": 357753895, "INTPTLAT10": "+41.7485756", "INTPTLON10": "-071.0870622", "GISJOIN": "G2500050", "Shape_area": 1482825666.57, "Shape_len": 531219.458931, "YEAR": 2010, "REGIONA": 1, "DIVISIONA": 1, "STATE": "Massachusetts", "STATEA": 25, "COUNTY": "Bristol County", "COUNTYA": 5, "NAME": "Bristol County", "URBPOP": 494365, "RURALPOP": 53920, "TOTPOP": 548285, "NH_WHITE": 469344, "NH_BLACK": 15736, "NH_AMIN": 1089, "NH_ASIAN": 10140, "NH_NHPI": 119, "NH_OTHER": 7206, "NH_2MORE": 11631, "HISP": 33020, "H_WHITE": 15450, "H_BLACK": 2096, "H_AMIN": 1031, "H_ASIAN": 102, "H_NHPI": 86, "H_OTHER": 11476, "H_2MORE": 2779, "VAP": 425876, "HVAP": 20199, "WVAP": 374445, "BVAP": 11122, "AMINVAP": 842, "ASIANVAP": 7318, "NHPIVAP": 95, "OTHERVAP": 5371, "2MOREVAP": 6484, "id": 4}, {"boundary_node": true, "boundary_perim": 140691.2669155423, "area": 156787368.45412058, "STATEFP10": "25", "COUNTYFP10": "025", "COUNTYNS10": "00606939", "GEOID10": "25025", "NAME10": "Suffolk", "NAMELSAD10": "Suffolk County", "LSAD10": "06", "CLASSFP10": "H4", "MTFCC10": "G4020", "CSAFP10": "148", "CBSAFP10": "14460", "METDIVFP10": "14484", "FUNCSTAT10": "N", "ALAND10": 150618894, "AWATER10": 160748611, "INTPTLAT10": "+42.3319600", "INTPTLON10": "-071.0201725", "GISJOIN": "G2500250", "Shape_area": 156787368.454, "Shape_len": 218083.560187, "YEAR": 2010, "REGIONA": 1, "DIVISIONA": 1, "STATE": "Massachusetts", "STATEA": 25, "COUNTY": "Suffolk County", "COUNTYA": 25, "NAME": "Suffolk County", "URBPOP": 721488, "RURALPOP": 535, "TOTPOP": 722023, "NH_WHITE": 346979, "NH_BLACK": 142980, "NH_AMIN": 1367, "NH_ASIAN": 58963, "NH_NHPI": 196, "NH_OTHER": 11426, "NH_2MORE": 16657, "HISP": 143455, "H_WHITE": 57290, "H_BLACK": 13312, "H_AMIN": 1617, "H_ASIAN": 466, "H_NHPI": 96, "H_OTHER": 58889, "H_2MORE": 11785, "VAP": 595748, "HVAP": 101362, "WVAP": 314592, "BVAP": 107279, "AMINVAP": 1062, "ASIANVAP": 50933, "NHPIVAP": 169, "OTHERVAP": 8544, "2MOREVAP": 11807, "id": 5}, {"boundary_node": true, "boundary_perim": 60274.9067519106, "area": 1876639473.892504, "STATEFP10": "25", "COUNTYFP10": "011", "COUNTYNS10": "00606932", "GEOID10": "25011", "NAME10": "Franklin", "NAMELSAD10": "Franklin County", "LSAD10": "06", "CLASSFP10": "H4", "MTFCC10": "G4020", "CSAFP10": null, "CBSAFP10": "44140", "METDIVFP10": null, "FUNCSTAT10": "N", "ALAND10": 1811228845, "AWATER10": 65410658, "INTPTLAT10": "+42.5837911", "INTPTLON10": "-072.5916552", "GISJOIN": "G2500110", "Shape_area": 1876639473.89, "Shape_len": 252998.191796, "YEAR": 2010, "REGIONA": 1, "DIVISIONA": 1, "STATE": "Massachusetts", "STATEA": 25, "COUNTY": "Franklin County", "COUNTYA": 11, "NAME": "Franklin County", "URBPOP": 32523, "RURALPOP": 38849, "TOTPOP": 71372, "NH_WHITE": 65978, "NH_BLACK": 703, "NH_AMIN": 175, "NH_ASIAN": 887, "NH_NHPI": 9, "NH_OTHER": 99, "NH_2MORE": 1271, "HISP": 2250, "H_WHITE": 1261, "H_BLACK": 93, "H_AMIN": 39,