{"directed": false, "multigraph": false, "graph": [], "nodes": [{"boundary_node": true, "boundary_perim": 148529.16576564996, "area": 1544518440.9699254, "STATEFP10": "10", "COUNTYFP10": "001", "COUNTYNS10": "00217271", "GEOID10": "10001", "NAME10": "Kent", "NAMELSAD10": "Kent County", "LSAD10": "06", "CLASSFP10": "H1", "MTFCC10": "G4020", "CSAFP10": null, "CBSAFP10": "20100", "METDIVFP10": null, "FUNCSTAT10": "A", "ALAND10": 1518196116, "AWATER10": 549470508, "INTPTLAT10": "+39.0970884", "INTPTLON10": "-075.5029819", "GISJOIN": "G1000010", "Shape_area": 1544518440.97, "Shape_len": 232298.841082, "YEAR": 2010, "REGIONA": 3, "DIVISIONA": 5, "STATE": "Delaware", "STATEA": 10, "COUNTY": "Kent County", "COUNTYA": 1, "NAME": "Kent County", "URBPOP": 118536, "RURALPOP": 43774, "TOTPOP": 162310, "NH_WHITE": 105891, "NH_BLACK": 37812, "NH_AMIN": 916, "NH_ASIAN": 3266, "NH_NHPI": 74, "NH_OTHER": 347, "NH_2MORE": 4658, "HISP": 9346, "H_WHITE": 4108, "H_BLACK": 1101, "H_AMIN": 127, "H_ASIAN": 40, "H_NHPI": 17, "H_OTHER": 2888, "H_2MORE": 1065, "VAP": 121931, "HVAP": 5766, "WVAP": 83206, "BVAP": 27350, "AMINVAP": 749, "ASIANVAP": 2554, "NHPIVAP": 56, "OTHERVAP": 158, "2MOREVAP": 2092, "id": 0}, {"boundary_node": true, "boundary_perim": 511886.8023861886, "area": 2449030046.4482756, "STATEFP10": "10", "COUNTYFP10": "005", "COUNTYNS10": "00217269", "GEOID10": "10005", "NAME10": "Sussex", "NAMELSAD10": "Sussex County", "LSAD10": "06", "CLASSFP10": "H1", "MTFCC10": "G4020", "CSAFP10": null, "CBSAFP10": "42580", "METDIVFP10": null, "FUNCSTAT10": "A", "ALAND10": 2147483647, "AWATER10": 674204700, "INTPTLAT10": "+38.6775108", "INTPTLON10": "-075.3354950", "GISJOIN": "G1000050", "Shape_area": 2449030046.45, "Shape_len": 563617.992164, "YEAR": 2010, "REGIONA": 3, "DIVISIONA": 5, "STATE": "Delaware", "STATEA": 10, "COUNTY": "Sussex County", "COUNTYA": 5, "NAME": "Sussex County", "URBPOP": 115717, "RURALPOP": 81428, "TOTPOP": 197145, "NH_WHITE": 149025, "NH_BLACK": 24544, "NH_AMIN": 924, "NH_ASIAN": 1910, "NH_NHPI": 62, "NH_OTHER": 305, "NH_2MORE": 3421, "HISP": 16954, "H_WHITE": 6638, "H_BLACK": 571, "H_AMIN": 640, "H_ASIAN": 33, "H_NHPI": 88, "H_OTHER": 7864, "H_2MORE": 1120, "VAP": 156838, "HVAP": 10502, "WVAP": 124846, "BVAP": 17653, "AMINVAP": 762, "ASIANVAP": 1441, "NHPIVAP": 49, "OTHERVAP": 143, "2MOREVAP": 1442, "id": 1}, {"boundary_node": true, "boundary_perim": 201998.72380821285, "area": 1122775111.1872122, "STATEFP10": "10", "COUNTYFP10": "003", "COUNTYNS10": "00217270", "GEOID10": "10003", "NAME10": "New Castle", "NAMELSAD10": "New Castle County", "LSAD10": "06", "CLASSFP10": "H1", "MTFCC10": "G4020", "CSAFP10": "428", "CBSAFP10": "37980", "METDIVFP10": "48864", "FUNCSTAT10": "A", "ALAND10": 1104074798, "AWATER10": 175385759, "INTPTLAT10": "+39.5759152", "INTPTLON10": "-075.6441324", "GISJOIN": "G1000030", "Shape_area": 1122775111.19, "Shape_len": 234037.209346, "YEAR": 2010, "REGIONA": 3, "DIVISIONA": 5, "STATE": "Delaware", "STATEA": 10, "COUNTY": "New Castle County", "COUNTYA": 3, "NAME": "New Castle County", "URBPOP": 513696, "RURALPOP": 24783, "TOTPOP": 538479, "NH_WHITE": 331836, "NH_BLACK": 124426, "NH_AMIN": 984, "NH_ASIAN": 23132, "NH_NHPI": 102, "NH_OTHER": 873, "NH_2MORE": 10205, "HISP": 46921, "H_WHITE": 21119, "H_BLACK": 3360, "H_AMIN": 590, "H_ASIAN": 168, "H_NHPI": 57, "H_OTHER": 18242, "H_2MORE": 3385, "VAP": 413400, "HVAP": 29868, "WVAP": 269584, "BVAP": 89981, "AMINVAP": 737, "ASIANVAP": 17672, "NHPIVAP": 72, "OTHERVAP": 528, "2MOREVAP": 4958, "id": 2}], "adjacency": [[{"shared_perim": 51731.18977812915, "id": 1}, {"shared_perim": 32038.485538245423, "id": 2}], [{"shared_perim": 51731.18977812915, "id": 0}], [{"shared_perim": 32038.485538245423, "id": 0}]]}