{"directed": false, "multigraph": false, "graph": [], "nodes": [{"boundary_node": true, "boundary_perim": 58227.39581076871, "area": 2310825045.4586663, "STATEFP10": "33", "COUNTYFP10": "011", "COUNTYNS10": "00873179", "GEOID10": "33011", "NAME10": "Hillsborough", "NAMELSAD10": "Hillsborough County", "LSAD10": "06", "CLASSFP10": "H1", "MTFCC10": "G4020", "CSAFP10": "148", "CBSAFP10": "31700", "METDIVFP10": null, "FUNCSTAT10": "A", "ALAND10": 2147483647, "AWATER10": 41636576, "INTPTLAT10": "+42.9116429", "INTPTLON10": "-071.7231012", "GISJOIN": "G3300110", "Shape_area": 2310825045.46, "Shape_len": 240930.935359, "YEAR": 2010, "REGIONA": 1, "DIVISIONA": 1, "STATE": "New Hampshire", "STATEA": 33, "COUNTY": "Hillsborough County", "COUNTYA": 11, "NAME": "Hillsborough County", "URBPOP": 315803, "RURALPOP": 84918, "TOTPOP": 400721, "NH_WHITE": 351224, "NH_BLACK": 7405, "NH_AMIN": 742, "NH_ASIAN": 12898, "NH_NHPI": 99, "NH_OTHER": 975, "NH_2MORE": 6137, "HISP": 21241, "H_WHITE": 10929, "H_BLACK": 893, "H_AMIN": 219, "H_ASIAN": 56, "H_NHPI": 41, "H_OTHER": 7301, "H_2MORE": 1802, "VAP": 306639, "HVAP": 13089, "WVAP": 275036, "BVAP": 4892, "AMINVAP": 562, "ASIANVAP": 9321, "NHPIVAP": 77, "OTHERVAP": 690, "2MOREVAP": 2972, "id": 0}, {"boundary_node": true, "boundary_perim": 333746.50228800543, "area": 4738992957.2155695, "STATEFP10": "33", "COUNTYFP10": "007", "COUNTYNS10": "00873177", "GEOID10": "33007", "NAME10": "Coos", "NAMELSAD10": "Coos County", "LSAD10": "06", "CLASSFP10": "H1", "MTFCC10": "G4020", "CSAFP10": null, "CBSAFP10": "13620", "METDIVFP10": null, "FUNCSTAT10": "A", "ALAND10": 2147483647, "AWATER10": 90777672, "INTPTLAT10": "+44.6524194", "INTPTLON10": "-071.2893827", "GISJOIN": "G3300070", "Shape_area": 4738992957.22, "Shape_len": 437863.369061, "YEAR": 2010, "REGIONA": 1, "DIVISIONA": 1, "STATE": "New Hampshire", "STATEA": 33, "COUNTY": "Coos County", "COUNTYA": 7, "NAME": "Coos County", "URBPOP": 11159, "RURALPOP": 21896, "TOTPOP": 33055, "NH_WHITE": 31801, "NH_BLACK": 141, "NH_AMIN": 107, "NH_ASIAN": 165, "NH_NHPI": 1, "NH_OTHER": 22, "NH_2MORE": 417, "HISP": 401, "H_WHITE": 244, "H_BLACK": 7, "H_AMIN": 21, "H_ASIAN": 0, "H_NHPI": 0, "H_OTHER": 73, "H_2MORE": 56, "VAP": 26803, "HVAP": 249, "WVAP": 25965, "BVAP": 113, "AMINVAP": 84, "ASIANVAP": 123, "NHPIVAP": 1, "OTHERVAP": 16, "2MOREVAP": 252, "id": 1}, {"boundary_node": true, "boundary_perim": 124068.35044950315, "area": 984199215.099818, "STATEFP10": "33", "COUNTYFP10": "017", "COUNTYNS10": "00873182", "GEOID10": "33017", "NAME10": "Strafford", "NAMELSAD10": "Strafford County", "LSAD10": "06", "CLASSFP10": "H1", "MTFCC10": "G4020", "CSAFP10": "148", "CBSAFP10": "14460", "METDIVFP10": "40484", "FUNCSTAT10": "A", "ALAND10": 955640569, "AWATER10": 38918908, "INTPTLAT10": "+43.2931773", "INTPTLON10": "-071.0359266", "GISJOIN": "G3300170", "Shape_area": 984199215.1, "Shape_len": 239153.435076, "YEAR": 2010, "REGIONA": 1, "DIVISIONA": 1, "STATE": "New Hampshire", "STATEA": 33, "COUNTY": "Strafford County", "COUNTYA": 17, "NAME": "Strafford County", "URBPOP": 83243, "RURALPOP": 39900, "TOTPOP": 123143, "NH_WHITE": 114210, "NH_BLACK": 1144, "NH_AMIN": 234, "NH_ASIAN": 3171, "NH_NHPI": 41, "NH_OTHER": 108, "NH_2MORE": 2034, "HISP": 2201, "H_WHITE": 1335, "H_BLACK": 98, "H_AMIN": 41, "H_ASIAN": 20, "H_NHPI": 3, "H_OTHER": 448, "H_2MORE": 256, "VAP": 97723, "HVAP": 1450, "WVAP": 91699, "BVAP": 828, "AMINVAP": 175, "ASIANVAP": 2404, "NHPIVAP": 36, "OTHERVAP": 79, "2MOREVAP": 1052, "id": 2}, {"boundary_node": true, "boundary_perim": 108804.84816666003, "area": 1888357149.285473, "STATEFP10": "33", "COUNTYFP10": "005", "COUNTYNS10": "00873176", "GEOID10": "33005", "NAME10": "Cheshire", "NAMELSAD10": "Cheshire County", "LSAD10": "06", "CLASSFP10": "H1", "MTFCC10": "G4020", "CSAFP10": null, "CBSAFP10": "28300", "METDIVFP10": null, "FUNCSTAT10": "A", "ALAND10": 1830241632, "AWATER10": 58115492, "INTPTLAT10": "+42.9254553", "INTPTLON10": "-072.2482169", "GISJOIN": "G3300050", "Shape_area": 1888357149.29, "Shape_len": 211349.535647, "YEAR": 2010, "REGIONA": 1, "DIVISIONA": 1, "STATE": "New Hampshire", "STATEA": 33, "COUNTY": "Cheshire County", "COUNTYA": 5, "NAME": "Cheshire County", "URBPOP": 26979, "RURALPOP": 50138, "TOTPOP": 77117, "NH_WHITE": 73537, "NH_BLACK": 363, "NH_AMIN": 171, "NH_ASIAN": 910, "NH_NHPI": 19, "NH_OTHER": 61, "NH_2MORE": 966, "HISP": 1090, "H_WHITE": 702, "H_BLACK": 27, "H_AMIN": 22, "H_ASIAN": 11, "H_NHPI": 0, "H_OTHER": 214, "H_2MORE": 114, "VAP": 62005, "HVAP": 679, "WVAP": 59594, "BVAP": 281, "AMINVAP": 141, "ASIANVAP": 694, "NHPIVAP": 19, "OTHERVAP": 43, "2MOREVAP": 554, "id": 3}, {"boundary_node": false, "area": 1213621485.891219, "STATEFP10": "33", "COUNTYFP10": "001", "COUNTYNS10": "00873174", "GEOID10": "33001", "NAME10": "Belknap", "NAMELSAD10": "Belknap County", "LSAD10": "06", "CLASSFP10": "H1", "MTFCC10": "G4020", "CSAFP10": "148", "CBSAFP10": "29060", "METDIVFP10": null, "FUNCSTAT10": "A", "ALAND10": 1036596332, "AWATER10": 177025146, "INTPTLAT10": "+43.5191091", "INTPTLON10": "-071.4253661", "GISJOIN": "G3300010", "Shape_area": 1213621485.89, "Shape_len": 170991.133101, "YEAR": 2010, "REGIONA": 1, "DIVISIONA": 1, "STATE": "New Hampshire", "STATEA": 33, "COUNTY": "Belknap County", "COUNTYA": 1, "NAME": "Belknap County", "URBPOP": 20262, "RURALPOP": 39826, "TOTPOP": 60088, "NH_WHITE": 57553, "NH_BLACK": 261, "NH_AMIN": 119, "NH_ASIAN": 695, "NH_NHPI": 9, "NH_OTHER": 30, "NH_2MORE": 697, "HISP": 724, "H_WHITE": 506, "H_BLACK": 18, "H_AMIN": 7, "H_ASIAN": 4, "H_NHPI": 2, "H_OTHER": 110, "H_2MORE": 77, "VAP": 47607, "HVAP": 423, "WVAP": 45998, "BVAP": 169, "AMINVAP": 106, "ASIANVAP": 494, "NHPIVAP": 7, "OTHERVAP": 16, "2MOREVAP": 394, "id": 4}, {"boundary_node": true, "boundary_perim": 198904.0075893636, "area": 1848597047.974507, "STATEFP10": "33", "COUNTYFP10": "015", "COUNTYNS10": "00873181", "GEOID10": "33015", "NAME10": "Rockingham", "NAMELSAD10": "Rockingham County", "LSAD10": "06", "CLASSFP10": "H1", "MTFCC10": "G4020", "CSAFP10": "148", "CBSAFP10": "14460", "METDIVFP10": "40484", "FUNCSTAT10": "A", "ALAND10": 1799316831, "AWATER10": 260008473, "INTPTLAT10": "+42.9893596", "INTPTLON10": "-071.0994374", "GISJOIN": "G3300150", "Shape_area": 1848597047.97, "Shape_len": 325529.16951, "YEAR": 2010, "REGIONA": 1, "DIVISIONA": 1, "STATE": "New Hampshire", "STATEA": 33, "COUNTY": "Rockingham County", "COUNTYA": 15, "NAME": "Rockingham County", "URBPOP": 221718, "RURALPOP": 73505, "TOTPOP": 295223, "NH_WHITE": 278011, "NH_BLACK": 1790, "NH_AMIN": 418, "NH_ASIAN": 4910, "NH_NHPI": 93, "NH_OTHER": 348, "NH_2MORE": 3511, "HISP": 6142, "H_WHITE": 3955, "H_BLACK": 206, "H_AMIN": 68, "H_ASIAN": 33, "H_NHPI": 7, "H_OTHER": 1330, "H_2MORE": 543, "VAP": 227785, "HVAP": 3897, "WVAP": 216611, "BVAP": 1328, "AMINVAP": 320, "ASIANVAP": 3579, "NHPIVAP": 72, "OTHERVAP": 223, "2MOREVAP": 1755, "id": 5}, {"boundary_node": false, "area": 2477186253.8434625, "STATEFP10": "33", "COUNTYFP10": "013", "COUNTYNS10": "00873180", "GEOID10": "33013", "NAME10": "Merrimack", "NAMELSAD10": "Merrimack County", "LSAD10": "06", "CLASSFP10": "H1", "MTFCC10": "G4020", "CSAFP10": "148", "CBSAFP10": "18180", "METDIVFP10": null, "FUNCSTAT10": "A", "ALAND10": 2147483647, "AWATER10": 57836323, "INTPTLAT10": "+43.2994849", "INTPTLON10": "-071.6801295", "GISJOIN": "G3300130", "Shape_area": 2477186253.84, "Shape_len": 245454.781149, "YEAR": 2010, "REGIONA": 1, "DIVISIONA": 1, "STATE": "New Hampshire", "STATEA": 33, "COUNTY": "Merrimack County", "COUNTYA": 13, "NAME": "Merrimack County", "URBPOP": 66467, "RURALPOP": 79978, "TOTPOP": 146445, "NH_WHITE": 138048, "NH_BLACK": 1452, "NH_AMIN": 355, "NH_ASIAN": 2307, "NH_NHPI": 40, "NH_OTHER": 104, "NH_2MORE": 1800, "HISP": 2339, "H_WHITE": 1561, "H_BLACK": 78, "H_AMIN": 36, "H_ASIAN": 18, "H_NHPI": 1, "H_OTHER": 380, "H_2MORE": 265, "VAP": 114499, "HVAP": 1412, "WVAP": 109081, "BVAP": 1001, "AMINVAP": 284, "ASIANVAP": 1658, "NHPIVAP": 32, "OTHERVAP": 67, "2MOREVAP": 964,