{"directed": false, "multigraph": false, "graph": [], "nodes": [{"boundary_node": true, "boundary_perim": 446390.9489151697, "area": 1563560838.3380978, "STATEFP10": "15", "COUNTYFP10": "003", "COUNTYNS10": "00365281", "GEOID10": "15003", "NAME10": "Honolulu", "NAMELSAD10": "Honolulu County", "LSAD10": "06", "CLASSFP10": "H6", "MTFCC10": "G4020", "CSAFP10": null, "CBSAFP10": "26180", "METDIVFP10": null, "FUNCSTAT10": "A", "ALAND10": 1555917151, "AWATER10": 2147483647, "INTPTLAT10": "+21.4613641", "INTPTLON10": "-158.2019756", "GISJOIN": "G1500030", "Shape_area": 1563560838.34, "Shape_len": 446390.948915, "YEAR": 2010, "REGIONA": 4, "DIVISIONA": 9, "STATE": "Hawaii", "STATEA": 15, "COUNTY": "Honolulu County", "COUNTYA": 3, "NAME": "Honolulu County", "URBPOP": 944982, "RURALPOP": 8225, "TOTPOP": 953207, "NH_WHITE": 181684, "NH_BLACK": 17929, "NH_AMIN": 1699, "NH_ASIAN": 410019, "NH_NHPI": 86235, "NH_OTHER": 1287, "NH_2MORE": 176921, "HISP": 77433, "H_WHITE": 17048, "H_BLACK": 1327, "H_AMIN": 739, "H_ASIAN": 8391, "H_NHPI": 4643, "H_OTHER": 9170, "H_2MORE": 36115, "VAP": 742707, "HVAP": 48734, "WVAP": 156627, "BVAP": 14011, "AMINVAP": 1383, "ASIANVAP": 347621, "NHPIVAP": 60890, "OTHERVAP": 936, "2MOREVAP": 112505, "id": 0}, {"boundary_node": true, "boundary_perim": 645270.6851830477, "area": 10434861424.112005, "STATEFP10": "15", "COUNTYFP10": "001", "COUNTYNS10": "00365280", "GEOID10": "15001", "NAME10": "Hawaii", "NAMELSAD10": "Hawaii County", "LSAD10": "06", "CLASSFP10": "H1", "MTFCC10": "G4020", "CSAFP10": null, "CBSAFP10": "25900", "METDIVFP10": null, "FUNCSTAT10": "A", "ALAND10": 2147483647, "AWATER10": 2147483647, "INTPTLAT10": "+19.5977643", "INTPTLON10": "-155.5024434", "GISJOIN": "G1500010", "Shape_area": 10434861424.1, "Shape_len": 645270.685183, "YEAR": 2010, "REGIONA": 4, "DIVISIONA": 9, "STATE": "Hawaii", "STATEA": 15, "COUNTY": "Hawaii County", "COUNTYA": 1, "NAME": "Hawaii County", "URBPOP": 114766, "RURALPOP": 70313, "TOTPOP": 185079, "NH_WHITE": 57831, "NH_BLACK": 899, "NH_AMIN": 586, "NH_ASIAN": 39588, "NH_NHPI": 20970, "NH_OTHER": 281, "NH_2MORE": 43541, "HISP": 21383, "H_WHITE": 4517, "H_BLACK": 121, "H_AMIN": 283, "H_ASIAN": 1462, "H_NHPI": 1419, "H_OTHER": 2587, "H_2MORE": 10994, "VAP": 142799, "HVAP": 12999, "WVAP": 51590, "BVAP": 758, "AMINVAP": 491, "ASIANVAP": 34311, "NHPIVAP": 14779, "OTHERVAP": 205, "2MOREVAP": 27666, "id": 1}, {"boundary_node": true, "boundary_perim": 290410.0579537853, "area": 1618836533.8684177, "STATEFP10": "15", "COUNTYFP10": "007", "COUNTYNS10": "00365282", "GEOID10": "15007", "NAME10": "Kauai", "NAMELSAD10": "Kauai County", "LSAD10": "06", "CLASSFP10": "H1", "MTFCC10": "G4020", "CSAFP10": null, "CBSAFP10": "28180", "METDIVFP10": null, "FUNCSTAT10": "A", "ALAND10": 1605678326, "AWATER10": 1674176401, "INTPTLAT10": "+22.0120383", "INTPTLON10": "-159.7059653", "GISJOIN": "G1500070", "Shape_area": 1618836533.87, "Shape_len": 290410.057954, "YEAR": 2010, "REGIONA": 4, "DIVISIONA": 9, "STATE": "Hawaii", "STATEA": 15, "COUNTY": "Kauai County", "COUNTYA": 7, "NAME": "Kauai County", "URBPOP": 58463, "RURALPOP": 8628, "TOTPOP": 67091, "NH_WHITE": 20611, "NH_BLACK": 258, "NH_AMIN": 158, "NH_ASIAN": 20296, "NH_NHPI": 5716, "NH_OTHER": 74, "NH_2MORE": 13663, "HISP": 6315, "H_WHITE": 1548, "H_BLACK": 20, "H_AMIN": 96, "H_ASIAN": 720, "H_NHPI": 344, "H_OTHER": 534, "H_2MORE": 3053, "VAP": 51868, "HVAP": 4008, "WVAP": 17967, "BVAP": 208, "AMINVAP": 127, "ASIANVAP": 17118, "NHPIVAP": 4129, "OTHERVAP": 53, "2MOREVAP": 8258, "id": 2}, {"boundary_node": true, "boundary_perim": 24108.717332847387, "area": 31057796.957054123, "STATEFP10": "15", "COUNTYFP10": "005", "COUNTYNS10": "01702380", "GEOID10": "15005", "NAME10": "Kalawao", "NAMELSAD10": "Kalawao County", "LSAD10": "06", "CLASSFP10": "H4", "MTFCC10": "G4020", "CSAFP10": null, "CBSAFP10": null, "METDIVFP10": null, "FUNCSTAT10": "G", "ALAND10": 31057797, "AWATER10": 105769512, "INTPTLAT10": "+21.2187644", "INTPTLON10": "-156.9740097", "GISJOIN": "G1500050", "Shape_area": 31057796.9571, "Shape_len": 54348.2610489, "YEAR": 2010, "REGIONA": 4, "DIVISIONA": 9, "STATE": "Hawaii", "STATEA": 15, "COUNTY": "Kalawao County", "COUNTYA": 5, "NAME": "Kalawao County", "URBPOP": 0, "RURALPOP": 90, "TOTPOP": 90, "NH_WHITE": 24, "NH_BLACK": 0, "NH_AMIN": 0, "NH_ASIAN": 7, "NH_NHPI": 44, "NH_OTHER": 0, "NH_2MORE": 14, "HISP": 1, "H_WHITE": 0, "H_BLACK": 0, "H_AMIN": 0, "H_ASIAN": 0, "H_NHPI": 0, "H_OTHER": 1, "H_2MORE": 0, "VAP": 90, "HVAP": 1, "WVAP": 24, "BVAP": 0, "AMINVAP": 0, "ASIANVAP": 7, "NHPIVAP": 44, "OTHERVAP": 0, "2MOREVAP": 14, "id": 3}, {"boundary_node": true, "boundary_perim": 657958.7390113168, "area": 3011276447.1779294, "STATEFP10": "15", "COUNTYFP10": "009", "COUNTYNS10": "00365283", "GEOID10": "15009", "NAME10": "Maui", "NAMELSAD10": "Maui County", "LSAD10": "06", "CLASSFP10": "H1", "MTFCC10": "G4020", "CSAFP10": null, "CBSAFP10": "27980", "METDIVFP10": null, "FUNCSTAT10": "A", "ALAND10": 2147483647, "AWATER10": 2147483647, "INTPTLAT10": "+20.8559306", "INTPTLON10": "-156.6015503", "GISJOIN": "G1500090", "Shape_area": 3011276447.18, "Shape_len": 688198.282727, "YEAR": 2010, "REGIONA": 4, "DIVISIONA": 9, "STATE": "Hawaii", "STATEA": 15, "COUNTY": "Maui County", "COUNTYA": 9, "NAME": "Maui County", "URBPOP": 132278, "RURALPOP": 22556, "TOTPOP": 154834, "NH_WHITE": 49193, "NH_BLACK": 818, "NH_AMIN": 380, "NH_ASIAN": 43384, "NH_NHPI": 15257, "NH_OTHER": 246, "NH_2MORE": 29846, "HISP": 15710, "H_WHITE": 4143, "H_BLACK": 52, "H_AMIN": 223, "H_ASIAN": 1211, "H_NHPI": 794, "H_OTHER": 2805, "H_2MORE": 6482, "VAP": 119019, "HVAP": 9832, "WVAP": 43322, "BVAP": 685, "AMINVAP": 322, "ASIANVAP": 35516, "NHPIVAP": 10852, "OTHERVAP": 169, "2MOREVAP": 18321, "id": 4}], "adjacency": [[], [], [], [{"shared_perim": 30239.54371605238, "id": 4}], [{"shared_perim": 30239.54371605238, "id": 3}]]}