{"directed": false, "multigraph": false, "graph": [], "nodes": [{"boundary_node": true, "boundary_perim": 405712.10038127465, "area": 1670053137.6175807, "STATEFP10": "09", "COUNTYFP10": "001", "COUNTYNS10": "00212794", "GEOID10": "09001", "NAME10": "Fairfield", "NAMELSAD10": "Fairfield County", "LSAD10": "06", "CLASSFP10": "H4", "MTFCC10": "G4020", "CSAFP10": "408", "CBSAFP10": "14860", "METDIVFP10": null, "FUNCSTAT10": "N", "ALAND10": 1618456437, "AWATER10": 549162331, "INTPTLAT10": "+41.2281028", "INTPTLON10": "-073.3667574", "GISJOIN": "G0900010", "Shape_area": 1670053137.62, "Shape_len": 491263.631953, "YEAR": 2010, "REGIONA": 1, "DIVISIONA": 1, "STATE": "Connecticut", "STATEA": 9, "COUNTY": "Fairfield County", "COUNTYA": 1, "NAME": "Fairfield County", "URBPOP": 874801, "RURALPOP": 42028, "TOTPOP": 916829, "NH_WHITE": 606716, "NH_BLACK": 92705, "NH_AMIN": 967, "NH_ASIAN": 41801, "NH_NHPI": 256, "NH_OTHER": 5695, "NH_2MORE": 13664, "HISP": 155025, "H_WHITE": 79184, "H_BLACK": 6612, "H_AMIN": 1417, "H_ASIAN": 483, "H_NHPI": 186, "H_OTHER": 56779, "H_2MORE": 10364, "VAP": 689810, "HVAP": 108149, "WVAP": 470553, "BVAP": 68000, "AMINVAP": 663, "ASIANVAP": 31207, "NHPIVAP": 197, "OTHERVAP": 4092, "2MOREVAP": 6949, "id": 0}, {"boundary_node": true, "boundary_perim": 283734.25251011434, "area": 1779549557.8403761, "STATEFP10": "09", "COUNTYFP10": "011", "COUNTYNS10": "00212799", "GEOID10": "09011", "NAME10": "New London", "NAMELSAD10": "New London County", "LSAD10": "06", "CLASSFP10": "H4", "MTFCC10": "G4020", "CSAFP10": null, "CBSAFP10": "35980", "METDIVFP10": null, "FUNCSTAT10": "N", "ALAND10": 1722025951, "AWATER10": 276665774, "INTPTLAT10": "+41.4786303", "INTPTLON10": "-072.1034515", "GISJOIN": "G0900110", "Shape_area": 1779549557.84, "Shape_len": 408645.610053, "YEAR": 2010, "REGIONA": 1, "DIVISIONA": 1, "STATE": "Connecticut", "STATEA": 9, "COUNTY": "New London County", "COUNTYA": 11, "NAME": "New London County", "URBPOP": 203326, "RURALPOP": 70729, "TOTPOP": 274055, "NH_WHITE": 214605, "NH_BLACK": 14488, "NH_AMIN": 2077, "NH_ASIAN": 11248, "NH_NHPI": 159, "NH_OTHER": 586, "NH_2MORE": 7678, "HISP": 23214, "H_WHITE": 10608, "H_BLACK": 1537, "H_AMIN": 428, "H_ASIAN": 135, "H_NHPI": 21, "H_OTHER": 8136, "H_2MORE": 2349, "VAP": 214456, "HVAP": 14983, "WVAP": 173964, "BVAP": 11011, "AMINVAP": 1462, "ASIANVAP": 8664, "NHPIVAP": 115, "OTHERVAP": 393, "2MOREVAP": 3864, "id": 1}, {"boundary_node": true, "boundary_perim": 82297.21850054592, "area": 2446404550.361527, "STATEFP10": "09", "COUNTYFP10": "005", "COUNTYNS10": "00212796", "GEOID10": "09005", "NAME10": "Litchfield", "NAMELSAD10": "Litchfield County", "LSAD10": "06", "CLASSFP10": "H4", "MTFCC10": "G4020", "CSAFP10": "408", "CBSAFP10": "45860", "METDIVFP10": null, "FUNCSTAT10": "N", "ALAND10": 2147483647, "AWATER10": 62165569, "INTPTLAT10": "+41.7918967", "INTPTLON10": "-073.2354279", "GISJOIN": "G0900050", "Shape_area": 2446404550.36, "Shape_len": 231264.553545, "YEAR": 2010, "REGIONA": 1, "DIVISIONA": 1, "STATE": "Connecticut", "STATEA": 9, "COUNTY": "Litchfield County", "COUNTYA": 5, "NAME": "Litchfield County", "URBPOP": 111205, "RURALPOP": 78722, "TOTPOP": 189927, "NH_WHITE": 173403, "NH_BLACK": 2206, "NH_AMIN": 284, "NH_ASIAN": 2877, "NH_NHPI": 41, "NH_OTHER": 239, "NH_2MORE": 2342, "HISP": 8535, "H_WHITE": 4865, "H_BLACK": 352, "H_AMIN": 120, "H_ASIAN": 31, "H_NHPI": 4, "H_OTHER": 2469, "H_2MORE": 694, "VAP": 148975, "HVAP": 5324, "WVAP": 138339, "BVAP": 1687, "AMINVAP": 212, "ASIANVAP": 2064, "NHPIVAP": 27, "OTHERVAP": 157, "2MOREVAP": 1165, "id": 2}, {"boundary_node": true, "boundary_perim": 67767.18718184935, "area": 1350522723.78274, "STATEFP10": "09", "COUNTYFP10": "015", "COUNTYNS10": "00212801", "GEOID10": "09015", "NAME10": "Windham", "NAMELSAD10": "Windham County", "LSAD10": "06", "CLASSFP10": "H4", "MTFCC10": "G4020", "CSAFP10": "278", "CBSAFP10": "48740", "METDIVFP10": null, "FUNCSTAT10": "N", "ALAND10": 1328430430, "AWATER10": 22092290, "INTPTLAT10": "+41.8249987", "INTPTLON10": "-071.9907017", "GISJOIN": "G0900150", "Shape_area": 1350522723.78, "Shape_len": 169072.664998, "YEAR": 2010, "REGIONA": 1, "DIVISIONA": 1, "STATE": "Connecticut", "STATEA": 9, "COUNTY": "Windham County", "COUNTYA": 15, "NAME": "Windham County", "URBPOP": 59497, "RURALPOP": 58931, "TOTPOP": 118428, "NH_WHITE": 101138, "NH_BLACK": 1995, "NH_AMIN": 436, "NH_ASIAN": 1360, "NH_NHPI": 38, "NH_OTHER": 126, "NH_2MORE": 1984, "HISP": 11351, "H_WHITE": 4962, "H_BLACK": 622, "H_AMIN": 126, "H_ASIAN": 28, "H_NHPI": 6, "H_OTHER": 4876, "H_2MORE": 731, "VAP": 91982, "HVAP": 7019, "WVAP": 80871, "BVAP": 1574, "AMINVAP": 323, "ASIANVAP": 1065, "NHPIVAP": 28, "OTHERVAP": 80, "2MOREVAP": 1022, "id": 3}, {"boundary_node": true, "boundary_perim": 33484.028633989044, "area": 1080146720.9348555, "STATEFP10": "09", "COUNTYFP10": "013", "COUNTYNS10": "00212668", "GEOID10": "09013", "NAME10": "Tolland", "NAMELSAD10": "Tolland County", "LSAD10": "06", "CLASSFP10": "H4", "MTFCC10": "G4020", "CSAFP10": "278", "CBSAFP10": "25540", "METDIVFP10": null, "FUNCSTAT10": "N", "ALAND10": 1062448385, "AWATER10": 17698315, "INTPTLAT10": "+41.8580762", "INTPTLON10": "-072.3409774", "GISJOIN": "G0900130", "Shape_area": 1080146720.93, "Shape_len": 180703.617334, "YEAR": 2010, "REGIONA": 1, "DIVISIONA": 1, "STATE": "Connecticut", "STATEA": 9, "COUNTY": "Tolland County", "COUNTYA": 13, "NAME": "Tolland County", "URBPOP": 94351, "RURALPOP": 58340, "TOTPOP": 152691, "NH_WHITE": 133589, "NH_BLACK": 4701, "NH_AMIN": 218, "NH_ASIAN": 5084, "NH_NHPI": 29, "NH_OTHER": 202, "NH_2MORE": 2266, "HISP": 6602, "H_WHITE": 3536, "H_BLACK": 310, "H_AMIN": 46, "H_ASIAN": 50, "H_NHPI": 7, "H_OTHER": 2165, "H_2MORE": 488, "VAP": 121807, "HVAP": 4617, "WVAP": 107576, "BVAP": 3922, "AMINVAP": 175, "ASIANVAP": 4076, "NHPIVAP": 27, "OTHERVAP": 148, "2MOREVAP": 1266, "id": 4}, {"boundary_node": true, "boundary_perim": 51902.61186894035, "area": 1944105415.5830836, "STATEFP10": "09", "COUNTYFP10": "003", "COUNTYNS10": "00212338", "GEOID10": "09003", "NAME10": "Hartford", "NAMELSAD10": "Hartford County", "LSAD10": "06", "CLASSFP10": "H4", "MTFCC10": "G4020", "CSAFP10": "278", "CBSAFP10": "25540", "METDIVFP10": null, "FUNCSTAT10": "N", "ALAND10": 1903891914, "AWATER10": 40213499, "INTPTLAT10": "+41.8060534", "INTPTLON10": "-072.7329157", "GISJOIN": "G0900030", "Shape_area": 1944105415.58, "Shape_len": 252546.597199, "YEAR": 2010, "REGIONA": 1, "DIVISIONA": 1, "STATE": "Connecticut", "STATEA": 9, "COUNTY": "Hartford County", "COUNTYA": 3, "NAME": "Hartford County", "URBPOP": 845660, "RURALPOP": 48354, "TOTPOP": 894014, "NH_WHITE": 591283, "NH_BLACK": 110005, "NH_AMIN": 1272, "NH_ASIAN": 37581, "NH_NHPI": 186, "NH_OTHER": 2288, "NH_2MORE": 14616, "HISP": 136783, "H_WHITE": 55954, "H_BLACK": 9186, "H_AMIN": 1115, "H_ASIAN": 377, "H_NHPI": 103, "H_OTHER": 60770, "H_2MORE": 9278, "VAP": 689971, "HVAP": 89752, "WVAP": 481437, "BVAP": 80935, "AMINVAP": 940, "ASIANVAP": 27569, "NHPIVAP": 148, "OTHERVAP": 1568, "2MOREVAP": 7622, "id": 5}, {"boundary_node": true, "boundary_perim": 100951.36781705913, "area": 991544323.9088578, "STATEFP10": "09", "COUNTYFP10": "007", "COUNTYNS10": "00212797", "GEOID10": "09007", "NAME10": "Middlesex", "NAMELSAD10": "Middlesex County", "LSAD10": "06", "CLASSFP10": "H4", "MTFCC10": "G4020", "CSAFP10": "278", "CBSAFP10": "25540", "METDIVFP10": null, "FUNCSTAT10": "N", "ALAND10": 956486234, "AWATER10": 180684001, "INTPTLAT10": "+41.4345251", "INTPTLON10": "-072.5242267", "GISJOIN": "G0900070", "Shape_area": 991544323.909, "Shape_len": 240791.715521, "YEAR": 2010, "REGIONA": 1, "DIVISIONA": 1, "STATE": "Connecticut", "STATEA": 9, "COUNTY": "Middlesex County", "COUNTYA": 7, "NAME": "Middlesex County", "URBPOP": 125019, "RURALPOP": 40657, "TOTPOP": 165676, "NH_WHITE": 143144, "NH_BLACK": 7256, "NH_AMIN": 210, "NH_ASIAN": 4207, "NH_NHPI": 53, "NH_OTHER": 290, "NH_2MORE": 2682, "HISP": 7834, "H_WHITE": 4679, "H_BLACK": 471, "H_AMIN": 43, "H_ASIAN": 40,